Name,Logic Elements,Registers,Max Clock Freq,Synthesis Time,DSP Blocks,Clock Cycles,Correct
non_restoring8,57,47                                          ;,181.52,0:01:42,0,9,1
,,,,,,,
non_restoring9,62,53                                          ;,170.5,0:01:45,0,10,1
,,,,,,,
non_restoring10,67,57                                          ;,165.29,0:01:43,0,11,1
,,,,,,,
non_restoring11,72,61                                          ;,168.35,0:01:47,0,12,1
,,,,,,,
non_restoring12,77,70                                          ;,160.33,0:01:50,0,13,1
,,,,,,,
non_restoring13,81,69                                          ;,161.71,0:01:53,0,14,1
,,,,,,,
non_restoring14,85,73                                          ;,153.89,0:01:48,0,15,1
,,,,,,,
non_restoring15,90,76                                          ;,154.66,0:01:51,0,16,1
,,,,,,,
non_restoring16,96,82                                          ;,155.42,0:01:51,0,17,1
,,,,,,,
non_restoring17,100,90                                          ;,143.8,0:01:51,0,18,1
,,,,,,,
non_restoring18,106,90                                          ;,153.92,0:01:51,0,19,1
,,,,,,,
non_restoring19,110,102                                         ;,139.74,0:01:51,0,20,1
,,,,,,,
non_restoring20,116,104                                         ;,145.29,0:01:54,0,21,1
,,,,,,,
non_restoring21,121,110                                         ;,132.73,0:01:55,0,22,1
,,,,,,,
non_restoring22,127,114                                         ;,155.01,0:01:52,0,23,1
,,,,,,,
non_restoring23,131,116                                         ;,142.88,0:01:57,0,24,1
,,,,,,,
non_restoring24,134,123                                         ;,142.23,0:01:52,0,25,1
,,,,,,,
non_restoring25,141,132                                         ;,136.15,0:01:52,0,26,1
,,,,,,,
non_restoring26,145,136                                         ;,137.4,0:01:50,0,27,1
,,,,,,,
non_restoring27,152,134                                         ;,135.74,0:01:57,0,28,1
,,,,,,,
non_restoring28,157,142                                         ;,139.96,0:01:56,0,29,1
,,,,,,,
non_restoring29,161,145                                         ;,128.32,0:01:57,0,30,1
,,,,,,,
non_restoring30,166,147                                         ;,130.28,0:01:54,0,31,1
,,,,,,,
non_restoring31,172,147                                         ;,134.48,0:01:58,0,32,1
,,,,,,,
non_restoring32,166,152                                         ;,181.19,0:01:55,0,33,1
,,,,,,,
non_restoring33,174,155                                         ;,185.87,0:01:57,0,34,0
,,,,,,,
non_restoring34,178,163                                         ;,177.9,0:01:57,0,35,1
,,,,,,,
non_restoring35,182,167                                         ;,169.35,0:01:58,0,36,1
,,,,,,,
non_restoring36,187,167                                         ;,177.3,0:01:59,0,37,1
,,,,,,,
non_restoring37,192,183                                         ;,174.76,0:01:58,0,38,1
,,,,,,,
non_restoring38,197,183                                         ;,158.76,0:01:56,0,39,1
,,,,,,,
non_restoring39,202,189                                         ;,167.14,0:01:58,0,40,1
,,,,,,,
non_restoring40,206,194                                         ;,167.39,0:01:59,0,41,1
,,,,,,,
non_restoring41,211,194                                         ;,182.98,0:02:01,0,42,1
,,,,,,,
non_restoring42,215,202                                         ;,172.29,0:02:02,0,43,1
,,,,,,,
non_restoring43,220,202                                         ;,174.64,0:02:00,0,44,1
,,,,,,,
non_restoring44,224,208                                         ;,174.79,0:02:00,0,45,1
,,,,,,,
non_restoring45,227,209                                         ;,168.89,0:01:54,0,46,1
,,,,,,,
non_restoring46,230,226                                         ;,175.72,0:02:00,0,47,1
,,,,,,,
non_restoring47,236,213                                         ;,170.15,0:02:01,0,48,1
,,,,,,,
non_restoring48,238,220                                         ;,163.43,0:02:02,0,49,1
,,,,,,,
non_restoring49,244,235                                         ;,166.67,0:02:02,0,50,1
,,,,,,,
non_restoring50,247,220                                         ;,171.14,0:02:02,0,51,1
,,,,,,,
non_restoring51,253,228                                         ;,166.61,0:02:04,0,52,1
,,,,,,,
non_restoring52,257,238                                         ;,167.42,0:02:00,0,53,1
,,,,,,,
non_restoring53,261,242                                         ;,159.72,0:02:01,0,54,1
,,,,,,,
non_restoring54,265,244                                         ;,160.13,0:02:01,0,55,1
,,,,,,,
non_restoring55,270,257                                         ;,160.8,0:02:05,0,56,1
,,,,,,,
non_restoring56,273,265                                         ;,163.27,0:02:04,0,57,1
,,,,,,,
non_restoring57,277,266                                         ;,151.98,0:02:05,0,58,1
,,,,,,,
non_restoring58,283,272                                         ;,157.93,0:02:02,0,59,1
,,,,,,,
non_restoring59,287,271                                         ;,155.01,0:02:06,0,60,1
,,,,,,,
non_restoring60,291,280                                         ;,158.68,0:02:04,0,61,1
,,,,,,,
non_restoring61,296,268                                         ;,155.26,0:02:08,0,62,1
,,,,,,,
non_restoring62,297,283                                         ;,142.78,0:02:11,0,63,1
,,,,,,,
non_restoring63,301,294                                         ;,147.21,0:02:08,0,64,1
,,,,,,,
non_restoring64,313,294                                         ;,146.67,0:02:07,0,65,1
,,,,,,,
non_restoring66,324,308                                         ;,149.75,0:02:07,0,67,1
,,,,,,,
non_restoring68,335,322                                         ;,137.04,0:02:08,0,69,1
,,,,,,,
non_restoring70,344,316                                         ;,148.52,0:02:08,0,71,1
,,,,,,,
non_restoring72,354,323                                         ;,147.36,0:02:14,0,73,1
,,,,,,,
non_restoring74,364,347                                         ;,139.63,0:02:08,0,75,1
,,,,,,,
non_restoring76,373,339                                         ;,142.23,0:02:12,0,77,1
,,,,,,,
non_restoring78,384,360                                         ;,140.25,0:02:15,0,79,1
,,,,,,,
non_restoring80,396,367                                         ;,139.45,0:02:13,0,81,1
,,,,,,,
non_restoring82,403,384                                         ;,134.93,0:02:09,0,83,1
,,,,,,,
non_restoring84,413,388                                         ;,130.34,0:02:21,0,85,1
,,,,,,,
non_restoring86,423,388                                         ;,129.95,0:02:11,0,87,1
,,,,,,,
non_restoring88,433,403                                         ;,127.73,0:02:16,0,89,1
,,,,,,,
non_restoring90,441,407                                         ;,133.9,0:02:19,0,91,1
,,,,,,,
non_restoring92,449,417                                         ;,126.65,0:02:17,0,93,1
,,,,,,,
non_restoring94,456,418                                         ;,129.12,0:02:21,0,95,1
,,,,,,,
non_restoring96,463,431                                         ;,127.53,0:02:20,0,97,1
,,,,,,,
non_restoring98,472,452                                         ;,122.99,0:02:19,0,99,1
,,,,,,,
non_restoring100,484,450                                         ;,121.76,0:02:18,0,101,1
,,,,,,,
non_restoring102,490,457                                         ;,121.08,0:02:21,0,103,1
,,,,,,,
non_restoring104,498,469                                         ;,122.19,0:02:35,0,105,1
,,,,,,,
non_restoring106,505,475                                         ;,121.48,0:02:38,0,107,1
,,,,,,,
non_restoring108,514,506                                         ;,110.82,0:03:17,0,109,1
,,,,,,,
non_restoring110,521,510                                         ;,112.66,0:02:28,0,111,1
,,,,,,,
non_restoring112,529,496                                         ;,109.1,0:02:55,0,113,1
,,,,,,,
non_restoring114,535,528                                         ;,111.4,0:02:43,0,115,1
,,,,,,,
non_restoring116,546,521                                         ;,106.84,0:02:52,0,117,1
,,,,,,,
non_restoring118,553,545                                         ;,107.22,0:02:44,0,119,1
,,,,,,,
non_restoring120,557,558                                         ;,106.66,0:02:50,0,121,1
,,,,,,,
non_restoring122,570,546                                         ;,107.63,0:02:57,0,123,1
,,,,,,,
non_restoring124,574,553                                         ;,106.33,0:02:37,0,125,1
,,,,,,,
non_restoring126,579,559                                         ;,108.84,0:02:54,0,127,1
,,,,,,,
non_restoring128,592,579                                         ;,109.4,0:02:49,0,129,1
,,,,,,,
non_restoring132,628,589                                         ;,104.2,0:02:49,0,133,1
,,,,,,,
non_restoring136,646,625                                         ;,104.18,0:02:46,0,137,1
,,,,,,,
non_restoring140,667,635                                         ;,100.52,0:02:44,0,141,1
,,,,,,,
non_restoring144,687,642                                         ;,99.45,0:02:52,0,145,1
,,,,,,,
non_restoring148,704,677                                         ;,98.51,0:02:52,0,149,1
,,,,,,,
non_restoring152,727,674                                         ;,96.91,0:02:56,0,153,1
,,,,,,,
non_restoring156,743,722                                         ;,95.19,0:03:09,0,157,1
,,,,,,,
non_restoring160,759,710                                         ;,93.84,0:03:02,0,161,1
,,,,,,,
non_restoring164,765,742                                         ;,93.93,0:02:58,0,165,0
,,,,,,,
non_restoring168,778,755                                         ;,92.24,0:02:50,0,169,1
,,,,,,,
non_restoring172,794,767                                         ;,89.61,0:03:04,0,173,1
,,,,,,,
non_restoring176,810,817                                         ;,87.67,0:02:58,0,177,1
,,,,,,,
non_restoring180,826,815                                         ;,84.07,0:03:16,0,181,1
,,,,,,,
non_restoring184,844,837                                         ;,84.13,0:03:05,0,185,1
,,,,,,,
non_restoring188,858,844                                         ;,86.83,0:03:19,0,189,1
,,,,,,,
non_restoring192,874,829                                         ;,84.95,0:03:20,0,193,1
,,,,,,,
non_restoring196,897,865                                         ;,81.39,0:03:18,0,197,1
,,,,,,,
non_restoring200,916,872                                         ;,81.36,0:03:46,0,201,1
,,,,,,,
non_restoring204,928,923                                         ;,81.36,0:03:18,0,205,1
,,,,,,,
non_restoring208,946,940                                         ;,81.14,0:03:27,0,209,1
,,,,,,,
non_restoring212,961,955                                         ;,79.89,0:03:49,0,213,1
,,,,,,,
non_restoring216,980,956                                         ;,76.13,0:03:40,0,217,1
,,,,,,,
non_restoring220,991,977                                         ;,77.44,0:03:42,0,221,1
,,,,,,,
non_restoring224,"1,011",980                                         ;,74.16,0:03:27,0,225,1
,,,,,,,
non_restoring228,"1,018",1022                                        ;,75.95,0:03:36,0,229,1
,,,,,,,
non_restoring232,"1,037",1093                                        ;,71.43,0:03:58,0,233,1
,,,,,,,
non_restoring236,"1,047",1079                                        ;,69.88,0:03:26,0,237,1
,,,,,,,
non_restoring240,"1,065",1059                                        ;,71.25,0:03:44,0,241,1
,,,,,,,
non_restoring244,"1,084",1091                                        ;,72.02,0:03:55,0,245,1
,,,,,,,
non_restoring248,"1,095",1103                                        ;,69.25,0:03:43,0,249,1
,,,,,,,
non_restoring252,"1,114",1121                                        ;,66.26,0:03:48,0,253,1
,,,,,,,
non_restoring256,"1,126",1163                                        ;,68.81,0:04:34,0,257,1
,,,,,,,
non_restoring264,"1,450",1149                                        ;,67.16,0:04:00,0,265,1
,,,,,,,
non_restoring272,"1,507",1171                                        ;,66.33,0:04:27,0,273,1
,,,,,,,
non_restoring280,"1,557",1222                                        ;,64.08,0:04:14,0,281,1
,,,,,,,
non_restoring288,"1,598",1249                                        ;,62.86,0:04:28,0,289,1
,,,,,,,
non_restoring296,"1,626",1329                                        ;,61.2,0:04:24,0,297,1
,,,,,,,
non_restoring304,"1,664",1314                                        ;,61.43,0:04:26,0,305,1
,,,,,,,
non_restoring312,"1,705",1413                                        ;,57.94,0:04:34,0,313,1
,,,,,,,
non_restoring320,"1,742",1374                                        ;,57.24,0:05:15,0,321,1
,,,,,,,
non_restoring328,"1,797",1407                                        ;,56.63,0:05:29,0,329,1
,,,,,,,
non_restoring336,"1,836",1480                                        ;,55.12,0:05:30,0,337,1
,,,,,,,
non_restoring344,"1,871",1454                                        ;,54.71,0:06:11,0,345,1
,,,,,,,
non_restoring352,"1,913",1556                                        ;,53.44,0:05:40,0,353,1
,,,,,,,
non_restoring360,"1,941",1560                                        ;,52.77,0:05:46,0,361,1
,,,,,,,
non_restoring368,"1,980",1617                                        ;,52.22,0:06:09,0,369,1
,,,,,,,
non_restoring376,"2,019",1681                                        ;,50.61,0:06:20,0,377,1
,,,,,,,
non_restoring384,"2,057",1650                                        ;,50.82,0:06:36,0,385,1
,,,,,,,
non_restoring392,"2,108",1689                                        ;,49.68,0:06:46,0,393,1
,,,,,,,
non_restoring400,"2,146",1725                                        ;,48.91,0:07:00,0,401,1
,,,,,,,
non_restoring408,"2,188",1774                                        ;,48.14,0:07:44,0,409,1
,,,,,,,
non_restoring416,"2,230",1792                                        ;,47.61,0:06:39,0,417,1
,,,,,,,
non_restoring424,"2,255",1844                                        ;,44.98,0:07:13,0,425,1
,,,,,,,
non_restoring432,"2,294",1877                                        ;,46.23,0:07:07,0,433,1
,,,,,,,
non_restoring440,"2,333",1908                                        ;,45.97,0:07:06,0,441,1
,,,,,,,
non_restoring448,"2,370",1945                                        ;,44.01,0:07:25,0,449,1
,,,,,,,
non_restoring456,"2,421",1961                                        ;,44.43,0:06:57,0,457,1
,,,,,,,
non_restoring464,"2,461",1998                                        ;,43.08,0:07:34,0,465,1
,,,,,,,
non_restoring472,"2,503",2080                                        ;,43.24,0:08:16,0,473,1
,,,,,,,
non_restoring480,"2,545",2068                                        ;,41.94,0:08:28,0,481,1
,,,,,,,
non_restoring488,"2,568",2101                                        ;,42.17,0:08:03,0,489,1
,,,,,,,
non_restoring496,"2,613",2195                                        ;,40.82,0:08:31,0,497,1
,,,,,,,
non_restoring504,"2,645",2189                                        ;,40.61,0:08:20,0,505,1
,,,,,,,
non_restoring512,"2,687",2249                                        ;,39.98,0:08:01,0,513,1
,,,,,,,
non_restoring528,"2,860",2380                                        ;,39.05,0:09:48,0,529,1
,,,,,,,
non_restoring544,"2,958",2329                                        ;,37.75,0:09:02,0,545,1
,,,,,,,
non_restoring560,"3,031",2408                                        ;,37.11,0:09:44,0,561,0
,,,,,,,
non_restoring576,"3,108",2545                                        ;,36.06,0:10:28,0,577,1
,,,,,,,
non_restoring592,"3,195",2552                                        ;,35.8,0:11:04,0,593,1
,,,,,,,
non_restoring608,"3,268",2585                                        ;,34,0:11:00,0,609,1
,,,,,,,
non_restoring624,"3,345",2667                                        ;,33.14,0:11:38,0,625,1
,,,,,,,
non_restoring640,"3,422",2816                                        ;,32.88,0:10:46,0,641,1
,,,,,,,
non_restoring656,"3,505",2889                                        ;,32.47,0:12:21,0,657,1
,,,,,,,
non_restoring672,"3,588",3015                                        ;,31.11,0:12:12,0,673,1
,,,,,,,
non_restoring688,"3,660",2972                                        ;,31.55,0:11:54,0,689,1
,,,,,,,
non_restoring704,"3,739",2994                                        ;,30.09,0:12:57,0,705,1
,,,,,,,
non_restoring720,"3,814",3076                                        ;,29.79,0:13:23,0,721,1
,,,,,,,
non_restoring736,"3,893",3181                                        ;,29.16,0:14:11,0,737,1
,,,,,,,
non_restoring752,"3,970",3345                                        ;,29.03,0:13:54,0,753,1
,,,,,,,
non_restoring768,"4,052",3274                                        ;,28.07,0:14:58,0,769,1
,,,,,,,
non_restoring784,"4,134",3366                                        ;,27.3,0:15:01,0,785,0
,,,,,,,
non_restoring800,"4,210",3462                                        ;,27.41,0:14:48,0,801,1
,,,,,,,
non_restoring816,"4,287",3557                                        ;,26.6,0:15:07,0,817,1
,,,,,,,
non_restoring832,"4,368",3606                                        ;,26.25,0:17:28,0,833,1
,,,,,,,
non_restoring848,"4,448",3669                                        ;,25.57,0:17:18,0,849,1
,,,,,,,
non_restoring864,"4,532",3706                                        ;,25.69,0:17:22,0,865,1
,,,,,,,
non_restoring880,"4,601",3818                                        ;,24.73,0:16:45,0,881,1
,,,,,,,
non_restoring896,"4,682",3907                                        ;,24.82,0:16:26,0,897,1
,,,,,,,
non_restoring912,"4,765",3966                                        ;,24.38,0:19:24,0,913,1
,,,,,,,
non_restoring928,"4,842",3988                                        ;,23.83,0:17:46,0,929,1
,,,,,,,
non_restoring944,"4,909",4056                                        ;,23.14,0:18:21,0,945,1
,,,,,,,
non_restoring960,"4,995",4176                                        ;,23.03,0:19:00,0,961,1
,,,,,,,
non_restoring976,"5,069",4286                                        ;,22.91,0:19:14,0,977,0
,,,,,,,
non_restoring992,"5,149",4252                                        ;,22.34,0:20:13,0,993,0
,,,,,,,
non_restoring1008,"5,231",4336                                        ;,22.19,0:20:06,0,1009,1
,,,,,,,
non_restoring1024,"5,307",4412                                        ;,21.85,0:21:01,0,1025,1
,,,,,,,
non_restoring1056,"5,504",4656                                        ;,21.15,0:23:39,0,1057,1
,,,,,,,
non_restoring1088,"5,651",4713                                        ;,20.19,0:21:39,0,1089,1
,,,,,,,
non_restoring1120,"5,812",4790                                        ;,20.07,0:22:49,0,1121,1
,,,,,,,
non_restoring1152,"5,153",4624                                        ;,20.07,,0,1153,1
,,,,,,,
non_restoring1184,"5,290",4752                                        ;,20.07,,0,1185,1
,,,,,,,
non_restoring1216,"5,421",4880                                        ;,20.07,,0,1217,0
,,,,,,,
non_restoring1248,"5,546",5008                                        ;,20.07,,0,1249,0
,,,,,,,
non_restoring1280,"5,690",5136                                        ;,20.07,,0,1281,1
,,,,,,,
non_restoring1312,"5,829",5264                                        ;,20.07,,0,1313,1
,,,,,,,
non_restoring1344,"5,958",5392                                        ;,20.07,,0,1345,0
,,,,,,,
non_restoring1376,"6,096",5520                                        ;,20.07,,0,1377,0
,,,,,,,
non_restoring1408,"6,228",5648                                        ;,20.07,,0,1409,1
,,,,,,,
non_restoring1440,"6,365",5776                                        ;,20.07,,0,1441,1
,,,,,,,
non_restoring1472,"6,496",5904                                        ;,20.07,,0,1473,1
,,,,,,,
non_restoring1504,"6,787",6032                                        ;,20.07,,0,1505,1
,,,,,,,
non_restoring1536,"6,765",6160                                        ;,20.07,,0,1537,0
,,,,,,,
non_restoring1568,"6,904",6288                                        ;,20.07,,0,1569,0
,,,,,,,
non_restoring1600,"7,035",6416                                        ;,20.07,,0,1601,1
,,,,,,,
non_restoring1632,"7,174",6544                                        ;,20.07,,0,1633,0
,,,,,,,
non_restoring1664,"7,305",6672                                        ;,20.07,,0,1665,1
,,,,,,,
non_restoring1696,"7,442",6800                                        ;,20.07,,0,1697,1
,,,,,,,
non_restoring1728,"7,574",6928                                        ;,20.07,,0,1729,1
,,,,,,,
non_restoring1760,"7,698",7056                                        ;,20.07,,0,1761,1
,,,,,,,
non_restoring1792,"7,842",7184                                        ;,20.07,,0,1793,1
,,,,,,,
non_restoring1824,"6,151",7312                                        ;,20.07,,0,1825,0
,,,,,,,
non_restoring1856,"6,252",7440                                        ;,20.07,,0,1857,1
,,,,,,,
non_restoring1888,"6,358",7568                                        ;,20.07,,0,1889,1
,,,,,,,
non_restoring1920,"6,458",7696                                        ;,20.07,,0,1921,0
,,,,,,,
non_restoring1952,"6,560",7824                                        ;,20.07,,0,1953,0
,,,,,,,
non_restoring1984,"6,662",7952                                        ;,20.07,,0,1985,0
,,,,,,,
non_restoring2016,"6,765",8080                                        ;,20.07,,0,2017,0
,,,,,,,
non_restoring2048,"6,869",8209                                        ;,20.07,,0,2049,0
,,,,,,,
radix2_8,79,65                                          ;,221.29,0:01:50,0,6,1
,,,,,,,
radix2_9,98,73                                          ;,231.7,0:01:58,0,9,1
,,,,,,,
radix2_10,99,71                                          ;,222.12,0:01:50,0,7,1
,,,,,,,
radix2_11,119,83                                          ;,195.16,0:01:52,0,8,1
,,,,,,,
radix2_12,122,89                                          ;,181.09,0:01:50,0,8,1
,,,,,,,
radix2_13,138,88                                          ;,178.19,0:01:56,0,9,1
,,,,,,,
radix2_14,139,93                                          ;,180.86,0:01:56,0,11,1
,,,,,,,
radix2_15,161,107                                         ;,185.43,0:01:58,0,10,1
,,,,,,,
radix2_16,174,109                                         ;,186.64,0:01:58,0,10,1
,,,,,,,
radix2_17,194,120                                         ;,175.38,0:01:55,0,13,1
,,,,,,,
radix2_18,197,126                                         ;,176.03,0:02:00,0,11,1
,,,,,,,
radix2_19,205,125                                         ;,168.69,0:02:02,0,12,1
,,,,,,,
radix2_20,215,132                                         ;,174.19,0:02:02,0,16,1
,,,,,,,
radix2_21,238,142                                         ;,162.71,0:01:59,0,15,1
,,,,,,,
radix2_22,247,140                                         ;,174.58,0:01:56,0,16,1
,,,,,,,
radix2_23,268,150                                         ;,156.74,0:01:57,0,16,1
,,,,,,,
radix2_24,266,153                                         ;,159.16,0:01:58,0,15,1
,,,,,,,
radix2_25,294,163                                         ;,159.82,0:02:11,0,15,1
,,,,,,,
radix2_26,292,163                                         ;,163.77,0:02:13,0,16,1
,,,,,,,
radix2_27,315,168                                         ;,159.44,0:02:13,0,18,1
,,,,,,,
radix2_28,313,170                                         ;,160.46,0:02:10,0,16,1
,,,,,,,
radix2_29,338,182                                         ;,151.26,0:02:08,0,17,1
,,,,,,,
radix2_30,338,180                                         ;,162.02,0:02:12,0,18,1
,,,,,,,
radix2_31,338,180                                         ;,162.02,0:02:12,0,18,1
,,,,,,,
radix2_32,376,193                                         ;,138.97,0:02:12,0,18,1
,,,,,,,
radix2_32,376,193                                         ;,138.97,0:02:14,0,18,1
,,,,,,,
radix2_8,79,65                                          ;,221.29,0:01:53,0,6,1
,,,,,,,
radix2_9,98,73                                          ;,231.7,0:01:51,0,4,0
,,,,,,,
radix2_10,99,71                                          ;,222.12,0:01:49,0,9,0
,,,,,,,
radix2_11,119,83                                          ;,195.16,0:01:53,0,7,0
,,,,,,,
radix2_12,122,89                                          ;,181.09,0:01:50,0,10,1
,,,,,,,
radix2_13,138,88                                          ;,178.19,0:01:53,0,8,0
,,,,,,,
radix2_14,139,93                                          ;,180.86,0:01:57,0,11,1
,,,,,,,
radix2_15,161,107                                         ;,185.43,0:01:57,0,11,1
,,,,,,,
radix2_16,174,109                                         ;,186.64,0:01:56,0,13,1
,,,,,,,
radix2_17,194,120                                         ;,175.38,0:02:01,0,12,1
,,,,,,,
radix2_18,197,126                                         ;,176.03,0:01:59,0,12,1
,,,,,,,
radix2_19,205,125                                         ;,168.69,0:02:01,0,15,1
,,,,,,,
radix2_20,215,132                                         ;,174.19,0:02:10,0,13,1
,,,,,,,
radix2_21,238,142                                         ;,162.71,0:01:57,0,16,1
,,,,,,,
radix2_22,247,140                                         ;,174.58,0:02:02,0,13,1
,,,,,,,
radix2_23,268,150                                         ;,156.74,0:02:00,0,14,1
,,,,,,,
radix2_24,266,153                                         ;,159.16,0:01:58,0,14,1
,,,,,,,
radix2_25,294,163                                         ;,159.82,0:02:11,0,15,1
,,,,,,,
radix2_26,292,163                                         ;,163.77,0:02:19,0,15,1
,,,,,,,
radix2_27,315,168                                         ;,159.44,0:02:13,0,19,1
,,,,,,,
radix2_28,313,170                                         ;,160.46,0:02:09,0,18,1
,,,,,,,
radix2_29,338,182                                         ;,151.26,0:02:12,0,17,1
,,,,,,,
radix2_30,338,180                                         ;,162.02,0:02:11,0,18,1
,,,,,,,
radix2_31,338,180                                         ;,162.02,0:02:11,0,18,1
,,,,,,,
radix2_32,376,193                                         ;,138.97,0:02:14,0,19,1
,,,,,,,
radix2_8,79,65                                          ;,221.29,0:01:51,0,6,1
,,,,,,,
radix2_9,98,73                                          ;,231.7,0:01:52,0,7,1
,,,,,,,
radix2_10,99,71                                          ;,222.12,0:01:45,0,7,1
,,,,,,,
radix2_11,119,83                                          ;,195.16,0:01:51,0,8,1
,,,,,,,
radix2_12,122,89                                          ;,181.09,0:01:51,0,9,1
,,,,,,,
radix2_13,138,88                                          ;,178.19,0:01:53,0,11,1
,,,,,,,
radix2_14,139,93                                          ;,180.86,0:01:55,0,9,1
,,,,,,,
radix2_15,161,107                                         ;,185.43,0:01:57,0,10,1
,,,,,,,
radix2_16,174,109                                         ;,186.64,0:01:58,0,10,1
,,,,,,,
radix2_17,194,120                                         ;,175.38,0:01:55,0,11,1
,,,,,,,
radix2_18,197,126                                         ;,176.03,0:01:58,0,13,1
,,,,,,,
radix2_19,205,125                                         ;,168.69,0:01:59,0,15,1
,,,,,,,
radix2_20,215,132                                         ;,174.19,0:01:59,0,14,1
,,,,,,,
radix2_21,238,142                                         ;,162.71,0:02:00,0,13,1
,,,,,,,
radix2_22,247,140                                         ;,174.58,0:01:56,0,13,1
,,,,,,,
radix2_23,268,150                                         ;,156.74,0:01:59,0,16,1
,,,,,,,
radix2_24,266,153                                         ;,159.16,0:01:58,0,16,1
,,,,,,,
radix2_25,294,163                                         ;,159.82,0:02:12,0,15,1
,,,,,,,
radix2_26,292,163                                         ;,163.77,0:02:15,0,16,1
,,,,,,,
radix2_27,315,168                                         ;,159.44,0:02:11,0,16,1
,,,,,,,
radix2_28,313,170                                         ;,160.46,0:02:07,0,16,1
,,,,,,,
radix2_29,338,182                                         ;,151.26,0:02:08,0,18,1
,,,,,,,
radix2_30,338,180                                         ;,162.02,0:02:14,0,19,1
,,,,,,,
radix2_31,338,180                                         ;,162.02,0:02:14,0,19,1
,,,,,,,
radix2_32,376,193                                         ;,138.97,0:02:12,0,18,1
,,,,,,,
radix2_33,403,209                                         ;,148.28,0:02:19,0,19,1
,,,,,,,
radix2_34,425,206                                         ;,150.04,0:02:19,0,19,1
,,,,,,,
radix2_35,437,207                                         ;,143.04,0:02:20,0,21,1
,,,,,,,
radix2_36,446,229                                         ;,143.45,0:02:21,0,20,1
,,,,,,,
radix2_37,445,230                                         ;,140.25,0:02:19,0,22,1
,,,,,,,
radix2_38,450,237                                         ;,140.53,0:02:22,0,21,1
,,,,,,,
radix2_39,482,233                                         ;,137.61,0:02:21,0,22,1
,,,,,,,
radix2_40,482,249                                         ;,145.86,0:02:32,0,23,1
,,,,,,,
radix2_41,506,244                                         ;,134.93,0:02:26,0,25,1
,,,,,,,
radix2_42,508,243                                         ;,138.91,0:02:30,0,23,1
,,,,,,,
radix2_43,531,260                                         ;,142.11,0:02:27,0,25,1
,,,,,,,
radix2_44,528,256                                         ;,140.11,0:02:25,0,25,1
,,,,,,,
radix2_45,542,271                                         ;,137.44,0:02:26,0,25,1
,,,,,,,
radix2_46,555,267                                         ;,141.36,0:02:27,0,30,1
,,,,,,,
radix2_47,553,281                                         ;,136.71,0:02:23,0,34,1
,,,,,,,
radix2_48,565,273                                         ;,133.1,0:02:26,0,26,1
,,,,,,,
radix2_49,578,288                                         ;,134.1,0:02:23,0,27,1
,,,,,,,
radix2_50,578,292                                         ;,133.92,0:02:29,0,27,1
,,,,,,,
radix2_51,584,295                                         ;,132.7,0:02:20,0,28,1
,,,,,,,
radix2_52,593,305                                         ;,124.94,0:02:28,0,29,1
,,,,,,,
radix2_53,605,310                                         ;,133.64,0:02:30,0,30,1
,,,,,,,
radix2_54,609,322                                         ;,136.99,0:02:26,0,30,1
,,,,,,,
radix2_55,626,318                                         ;,127.29,0:02:26,0,30,1
,,,,,,,
radix2_56,636,326                                         ;,132.01,0:02:30,0,30,1
,,,,,,,
radix2_57,656,334                                         ;,130.68,0:02:30,0,31,1
,,,,,,,
radix2_58,654,329                                         ;,131.35,0:02:32,0,31,1
,,,,,,,
radix2_59,670,344                                         ;,127.88,0:02:34,0,34,1
,,,,,,,
radix2_60,658,341                                         ;,123.79,0:02:30,0,33,1
,,,,,,,
radix2_61,675,357                                         ;,123.18,0:02:33,0,33,1
,,,,,,,
radix2_62,683,357                                         ;,125.17,0:02:28,0,34,1
,,,,,,,
radix2_63,691,362                                         ;,122.52,0:02:31,0,36,1
,,,,,,,
radix2_64,752,370                                         ;,118.41,0:02:29,0,34,1
,,,,,,,
radix2_66,761,389                                         ;,123.72,0:02:40,0,35,1
,,,,,,,
radix2_68,778,393                                         ;,114.97,0:02:31,0,36,1
,,,,,,,
radix2_70,806,394                                         ;,117.21,0:02:34,0,37,1
,,,,,,,
radix2_72,828,406                                         ;,119.01,0:02:38,0,38,1
,,,,,,,
radix2_74,858,418                                         ;,104.12,0:02:42,0,39,1
,,,,,,,
radix2_76,882,424                                         ;,114.12,0:02:40,0,40,1
,,,,,,,
radix2_78,899,442                                         ;,112.07,0:02:48,0,42,1
,,,,,,,
radix2_80,923,445                                         ;,107.98,0:02:37,0,42,1
,,,,,,,
radix2_82,949,453                                         ;,108.74,0:02:48,0,43,1
,,,,,,,
radix2_84,969,463                                         ;,111.43,0:02:47,0,44,1
,,,,,,,
radix2_86,985,485                                         ;,114.8,0:02:44,0,46,1
,,,,,,,
radix2_88,"1,004",481                                         ;,108.1,0:02:51,0,48,1
,,,,,,,
radix2_90,"1,027",499                                         ;,107,0:02:59,0,47,1
,,,,,,,
radix2_92,"1,040",502                                         ;,100.61,0:03:17,0,49,1
,,,,,,,
radix2_94,"1,065",520                                         ;,101.7,0:03:08,0,49,1
,,,,,,,
radix2_96,"1,087",521                                         ;,106.02,0:03:07,0,50,1
,,,,,,,
radix2_98,"1,109",526                                         ;,99.36,0:03:19,0,53,1
,,,,,,,
radix2_100,"1,131",549                                         ;,104.12,0:03:06,0,54,1
,,,,,,,
radix2_102,"1,147",563                                         ;,103.7,0:03:17,0,54,1
,,,,,,,
radix2_104,"1,169",561                                         ;,101.38,0:03:20,0,55,1
,,,,,,,
radix2_106,"1,189",570                                         ;,95.44,0:03:09,0,55,1
,,,,,,,
radix2_108,"1,218",596                                         ;,97.95,0:03:27,0,57,1
,,,,,,,
radix2_110,"1,215",596                                         ;,96.35,0:03:33,0,59,1
,,,,,,,
radix2_112,"1,256",602                                         ;,100.53,0:03:28,0,58,1
,,,,,,,
radix2_114,"1,293",609                                         ;,100.33,0:03:35,0,59,1
,,,,,,,
radix2_116,"1,289",612                                         ;,99.27,0:03:36,0,64,1
,,,,,,,
radix2_118,"1,328",651                                         ;,96.42,0:03:26,0,62,1
,,,,,,,
radix2_120,"1,335",641                                         ;,97.59,0:03:27,0,64,1
,,,,,,,
radix2_122,"1,360",668                                         ;,98.49,0:03:32,0,63,1
,,,,,,,
radix2_124,"1,356",661                                         ;,95.25,0:03:28,0,66,1
,,,,,,,
radix2_126,"1,393",681                                         ;,95.24,0:03:46,0,66,1
,,,,,,,
radix2_128,"1,424",689                                         ;,94.82,0:03:44,0,68,1
,,,,,,,
radix2_132,"1,494",705                                         ;,97.29,0:03:54,0,70,1
,,,,,,,
radix2_136,"1,541",735                                         ;,91.38,0:03:37,0,75,1
,,,,,,,
radix2_140,"1,590",750                                         ;,89.74,0:03:57,0,75,1
,,,,,,,
radix2_144,"1,603",776                                         ;,91.22,0:03:59,0,74,1
,,,,,,,
radix2_148,"1,658",792                                         ;,87.63,0:04:02,0,76,1
,,,,,,,
radix2_152,"1,712",808                                         ;,85.7,0:03:56,0,78,1
,,,,,,,
radix2_156,"1,739",836                                         ;,85.59,0:04:16,0,81,1
,,,,,,,
radix2_160,"1,773",856                                         ;,85.73,0:04:09,0,82,1
,,,,,,,
radix2_164,"1,796",868                                         ;,84.55,0:04:08,0,90,1
,,,,,,,
radix2_168,"1,851",902                                         ;,85.24,0:04:12,0,86,1
,,,,,,,
radix2_172,"1,912",888                                         ;,82.07,0:04:30,0,88,1
,,,,,,,
radix2_176,"1,933",930                                         ;,77.91,0:04:34,0,90,1
,,,,,,,
radix2_180,"1,996",955                                         ;,80.53,0:04:40,0,92,1
,,,,,,,
radix2_184,"2,048",987                                         ;,75.19,0:04:35,0,94,1
,,,,,,,
radix2_188,"2,088",1002                                        ;,80.33,0:04:46,0,96,1
,,,,,,,
radix2_192,"2,126",1012                                        ;,76.41,0:04:58,0,98,1
,,,,,,,
radix2_196,"2,217",1042                                        ;,77.04,0:05:17,0,102,1
,,,,,,,
radix2_200,"2,230",1057                                        ;,77.32,0:04:44,0,103,1
,,,,,,,
radix2_204,"2,325",1066                                        ;,70.52,0:04:56,0,106,1
,,,,,,,
radix2_208,"2,361",1096                                        ;,78.3,0:05:08,0,109,1
,,,,,,,
radix2_212,"2,384",1123                                        ;,76.03,0:05:06,0,108,1
,,,,,,,
radix2_216,"2,436",1133                                        ;,71.79,0:05:51,0,110,1
,,,,,,,
radix2_220,"2,466",1153                                        ;,71.78,0:05:40,0,114,1
,,,,,,,
radix2_224,"2,503",1163                                        ;,71.43,0:05:31,0,116,1
,,,,,,,
radix2_228,"2,534",1197                                        ;,71.73,0:05:19,0,118,1
,,,,,,,
radix2_232,"2,587",1229                                        ;,69.65,0:05:25,0,119,1
,,,,,,,
radix2_236,"2,631",1236                                        ;,69.62,0:05:33,0,120,1
,,,,,,,
radix2_240,"2,675",1264                                        ;,72.66,0:05:54,0,122,1
,,,,,,,
radix2_244,"2,702",1258                                        ;,66.81,0:06:17,0,131,1
,,,,,,,
radix2_248,"2,754",1300                                        ;,65.37,0:05:46,0,127,1
,,,,,,,
radix2_252,"2,789",1339                                        ;,66.78,0:06:13,0,129,1
,,,,,,,
radix2_256,"2,857",1350                                        ;,66.05,0:05:56,0,132,1
,,,,,,,
radix2_264,"2,964",1398                                        ;,65.04,0:06:33,0,134,1
,,,,,,,
radix2_272,"3,075",1429                                        ;,64.29,0:06:42,0,138,1
,,,,,,,
radix2_280,"3,172",1486                                        ;,64.84,0:06:50,0,142,1
,,,,,,,
radix2_288,"3,264",1537                                        ;,63.98,0:06:59,0,149,1
,,,,,,,
radix2_296,"3,339",1532                                        ;,58.58,0:07:20,0,152,1
,,,,,,,
radix2_304,"3,449",1610                                        ;,57.62,0:07:21,0,155,1
,,,,,,,
radix2_312,"3,534",1625                                        ;,56.49,0:07:41,0,158,1
,,,,,,,
radix2_320,"3,636",1671                                        ;,54.97,0:07:20,0,164,1
,,,,,,,
radix2_328,"3,742",1734                                        ;,53.82,0:07:24,0,166,1
,,,,,,,
radix2_336,"3,826",1755                                        ;,53.92,0:07:26,0,171,1
,,,,,,,
radix2_344,"4,213",1815                                        ;,53.9,0:07:54,0,175,1
,,,,,,,
radix2_352,"4,294",1855                                        ;,56.14,0:07:39,0,178,1
,,,,,,,
radix2_360,"4,360",1880                                        ;,52.19,0:07:58,0,182,1
,,,,,,,
radix2_368,"4,451",1917                                        ;,51.41,0:08:19,0,189,1
,,,,,,,
radix2_376,"4,558",1947                                        ;,53.61,0:09:19,0,190,1
,,,,,,,
radix2_384,"4,625",1995                                        ;,48.9,0:08:23,0,197,1
,,,,,,,
radix2_392,"4,752",1975                                        ;,47.64,0:09:55,0,201,1
,,,,,,,
radix2_400,"4,846",2012                                        ;,47.95,0:09:24,0,205,1
,,,,,,,
radix2_408,"4,946",2077                                        ;,51.3,0:09:29,0,208,1
,,,,,,,
radix2_416,"5,026",2102                                        ;,45.25,0:09:52,0,210,1
,,,,,,,
radix2_424,"5,133",2210                                        ;,49.14,0:09:43,0,214,1
,,,,,,,
radix2_432,"5,234",2156                                        ;,44.13,0:10:13,0,218,1
,,,,,,,
radix2_440,"5,314",2234                                        ;,43.93,0:10:26,0,223,1
,,,,,,,
radix2_448,"5,370",2293                                        ;,43.07,0:09:47,0,226,1
,,,,,,,
radix2_456,"5,479",2342                                        ;,45.6,0:09:56,0,230,1
,,,,,,,
radix2_464,"5,580",2385                                        ;,41.92,0:10:03,0,236,1
,,,,,,,
radix2_472,"5,638",2439                                        ;,45.03,0:10:49,0,238,1
,,,,,,,
radix2_480,"5,727",2447                                        ;,44.63,0:10:04,0,242,1
,,,,,,,
radix2_488,"5,783",2507                                        ;,40.39,0:10:53,0,251,1
,,,,,,,
radix2_496,"5,912",2519                                        ;,42.17,0:10:55,0,251,1
,,,,,,,
radix2_504,"5,979",2607                                        ;,39.37,0:11:10,0,254,1
,,,,,,,
radix2_512,"6,144",2605                                        ;,37.91,0:11:40,0,258,1
,,,,,,,
radix2_528,"6,429",2711                                        ;,41.59,0:12:07,0,270,0
,,,,,,,
radix2_544,"6,610",2815                                        ;,40,0:11:50,0,275,1
,,,,,,,
radix2_560,"6,822",2825                                        ;,38.36,0:12:53,0,284,1
,,,,,,,
radix2_576,"7,026",2956                                        ;,35.28,0:12:26,0,290,1
,,,,,,,
radix2_592,"7,222",3014                                        ;,34.66,0:12:49,0,301,0
,,,,,,,
radix2_608,"7,439",3112                                        ;,33.96,0:13:20,0,306,1
,,,,,,,
radix2_624,"7,608",3271                                        ;,35.58,0:13:03,0,316,1
,,,,,,,
radix2_640,"7,765",3330                                        ;,32.44,0:13:27,0,323,1
,,,,,,,
radix2_656,"8,040",3318                                        ;,31.65,0:15:21,0,331,1
,,,,,,,
radix2_672,"8,196",3485                                        ;,30.63,0:15:13,0,339,1
,,,,,,,
radix2_688,"8,417",3562                                        ;,30.47,0:20:03,0,346,1
,,,,,,,
radix2_704,"8,658",3556                                        ;,29.93,0:14:14,0,355,1
,,,,,,,
radix2_720,"8,844",3585                                        ;,29.38,0:15:20,0,367,1
,,,,,,,
radix2_736,"9,040",3717                                        ;,28.98,0:17:11,0,372,1
,,,,,,,
radix2_752,"9,264",3754                                        ;,28.06,0:17:44,0,378,1
,,,,,,,
radix2_768,"9,463",3911                                        ;,30.36,0:17:03,0,387,1
,,,,,,,
radix2_784,"9,650",3917                                        ;,27.12,0:18:03,0,394,1
,,,,,,,
radix2_800,"9,838",4002                                        ;,26.67,0:18:04,0,403,1
,,,,,,,
radix2_816,"10,065",4099                                        ;,26.29,0:19:07,0,413,1
,,,,,,,
radix2_832,"10,254",4260                                        ;,27.74,0:18:05,0,425,1
,,,,,,,
radix2_848,"10,435",4254                                        ;,25.38,0:19:18,0,426,1
,,,,,,,
radix2_864,"10,668",4325                                        ;,24.94,0:20:04,0,435,1
,,,,,,,
radix2_880,"10,790",4431                                        ;,24.56,0:19:20,0,442,1
,,,,,,,
radix2_896,"11,069",4429                                        ;,24.16,0:20:39,0,450,1
,,,,,,,
radix2_912,"11,202",4596                                        ;,23.74,0:21:33,0,463,1
,,,,,,,
radix2_928,"11,359",4690                                        ;,24.92,0:21:07,0,466,1
,,,,,,,
radix2_944,"11,551",4704                                        ;,23.1,0:20:37,0,474,1
,,,,,,,
radix2_960,"11,726",4802                                        ;,22.84,0:21:56,0,482,1
,,,,,,,
radix2_976,"11,919",4903                                        ;,23.86,0:22:42,0,490,1
,,,,,,,
radix2_992,"12,141",5000                                        ;,23.51,0:21:36,0,498,1
,,,,,,,
radix2_1008,"12,342",5092                                        ;,23.01,0:23:41,0,508,1
,,,,,,,
radix2_1024,"12,570",5072                                        ;,21.36,0:24:43,0,514,1
,,,,,,,
radix2_1056,"13,060",5263                                        ;,20.84,0:25:29,0,530,1
,,,,,,,
radix2_1088,"13,437",5412                                        ;,20.33,0:25:24,0,546,1
,,,,,,,
radix2_1120,"13,949",5545                                        ;,19.76,0:28:26,0,563,0
,,,,,,,
radix2_1152,"10,646",5213                                        ;,19.76,,0,580,1
,,,,,,,
radix2_1184,"10,963",5357                                        ;,19.76,,0,596,1
,,,,,,,
radix2_1216,"10,391",5502                                        ;,19.76,,0,610,1
,,,,,,,
radix2_1248,"10,663",5646                                        ;,19.76,,0,629,1
,,,,,,,
radix2_1280,"10,973",5790                                        ;,19.76,,0,643,1
,,,,,,,
radix2_1312,"11,239",5934                                        ;,19.76,,0,658,1
,,,,,,,
radix2_1344,"11,516",6078                                        ;,19.76,,0,677,0
,,,,,,,
radix2_1376,"11,782",6222                                        ;,19.76,,0,691,1
,,,,,,,
radix2_1408,"12,065",6366                                        ;,19.76,,0,707,1
,,,,,,,
radix2_1440,"12,317",6510                                        ;,19.76,,0,722,0
,,,,,,,
radix2_1472,"12,587",6654                                        ;,19.76,,0,738,1
,,,,,,,
radix2_1504,"13,062",6798                                        ;,19.76,,0,756,1
,,,,,,,
radix2_1536,"13,165",6942                                        ;,19.76,,0,772,1
,,,,,,,
radix2_1568,"13,461",7086                                        ;,19.76,,0,789,1
,,,,,,,
radix2_1600,"13,739",7230                                        ;,19.76,,0,802,1
,,,,,,,
radix2_1632,"14,023",7374                                        ;,19.76,,0,818,0
,,,,,,,
radix2_1664,"14,320",7518                                        ;,19.76,,0,834,1
,,,,,,,
radix2_1696,"14,601",7662                                        ;,19.76,,0,852,1
,,,,,,,
radix2_1728,"14,871",7806                                        ;,19.76,,0,866,1
radix2_8,79,65     ,221.29 ,00:01:57,0,         6, 1
radix2_9,98,73     ,231.7 ,00:01:49,0,         4, 0
radix2_10,99,71     ,222.12 ,00:01:54,0,         7, 1
radix2_11,119,83     ,195.16 ,00:02:04,0,         9, 1
radix2_12,122,89     ,181.09 ,00:01:48,0,        11, 1
radix2_13,138,88     ,178.19 ,00:01:53,0,         9, 0
radix2_14,139,93     ,180.86 ,00:01:53,0,        10, 1
radix2_15,161,107    ,185.43 ,00:01:56,0,        10, 1
radix2_16,174,109    ,186.64 ,00:01:55,0,        11, 1
radix2_17,194,120    ,175.38 ,00:01:55,0,        11, 1
radix2_18,197,126    ,176.03 ,00:02:12,0,        12, 1
radix2_19,205,125    ,168.69 ,00:01:56,0,        12, 1
radix2_20,215,132    ,174.19 ,00:02:00,0,        13, 1
radix2_21,238,142    ,162.71 ,00:02:01,0,        13, 1
radix2_22,247,140    ,174.58 ,00:01:57,0,        13, 1
radix2_23,268,150    ,156.74 ,00:01:56,0,        16, 1
radix2_24,266,153    ,159.16 ,00:01:57,0,        14, 1
radix2_25,294,163    ,159.82 ,00:02:09,0,        15, 1
radix2_26,292,163    ,163.77 ,00:02:13,0,        18, 1
radix2_27,315,168    ,159.44 ,00:02:10,0,        17, 1
radix2_28,313,170    ,160.46 ,00:02:06,0,        17, 1
radix2_29,338,182    ,151.26 ,00:02:09,0,        17, 1
radix2_30,338,180    ,162.02 ,00:02:10,0,        17, 1
radix2_31,338,180    ,162.02 ,00:02:10,0,        17, 1
radix2_32,376,193    ,138.97 ,00:02:11,0,        19, 1
radix2_33,403,209    ,148.28 ,00:02:18,0,        19, 1
radix2_34,425,206    ,150.04 ,00:02:21,0,        19, 1
radix2_35,437,207    ,143.04 ,00:02:19,0,        20, 1
radix2_36,446,229    ,143.45 ,00:02:21,0,        20, 1
radix2_37,445,230    ,140.25 ,00:02:26,0,        21, 1
radix2_38,450,237    ,140.53 ,00:02:39,0,        27, 1
radix2_39,482,233    ,137.61 ,00:02:20,0,        26, 1
radix2_40,482,249    ,145.86 ,00:02:24,0,        22, 1
radix2_41,506,244    ,134.93 ,00:02:24,0,        23, 1
radix2_42,508,243    ,138.91 ,00:02:22,0,        25, 1
radix2_43,531,260    ,142.11 ,00:02:27,0,        25, 1
radix2_44,528,256    ,140.11 ,00:02:22,0,        25, 1
radix2_45,542,271    ,137.44 ,00:02:25,0,        29, 1
radix2_46,555,267    ,141.36 ,00:02:24,0,        25, 1
radix2_47,553,281    ,136.71 ,00:02:24,0,        26, 1
radix2_48,565,273    ,133.1 ,00:02:46,0,        26, 1
radix2_49,578,288    ,134.1 ,00:02:26,0,        29, 1
radix2_50,578,292    ,133.92 ,00:02:28,0,        28, 1
radix2_51,584,295    ,132.7 ,00:02:43,0,        28, 1
radix2_52,593,305    ,124.94 ,00:02:23,0,        32, 1
radix2_53,605,310    ,133.64 ,00:02:28,0,        30, 1
radix2_54,609,322    ,136.99 ,00:02:25,0,        30, 1
radix2_55,626,318    ,127.29 ,00:02:21,0,        34, 1
radix2_56,636,326    ,132.01 ,00:02:27,0,        30, 1
radix2_57,656,334    ,130.68 ,00:02:31,0,        31, 1
radix2_58,654,329    ,131.35 ,00:02:27,0,        33, 1
radix2_59,670,344    ,127.88 ,00:02:36,0,        33, 1
radix2_60,658,341    ,123.79 ,00:02:29,0,        32, 1
radix2_61,675,357    ,123.18 ,00:02:31,0,        33, 1
radix2_62,683,357    ,125.17 ,00:02:24,0,        35, 1
radix2_63,691,362    ,122.52 ,00:02:27,0,        35, 1
radix2_64,752,370    ,118.41 ,00:02:29,0,        36, 1
radix2_66,761,389    ,123.72 ,00:02:30,0,        35, 1
radix2_68,778,393    ,114.97 ,00:02:38,0,        37, 1
radix2_70,806,394    ,117.21 ,00:02:33,0,        38, 1
radix2_72,828,406    ,119.01 ,00:02:35,0,        39, 1
radix2_74,858,418    ,104.12 ,00:02:40,0,        39, 1
radix2_76,882,424    ,114.12 ,00:02:39,0,        40, 1
radix2_78,899,442    ,112.07 ,00:02:47,0,        45, 1
radix2_80,923,445    ,107.98 ,00:02:35,0,        42, 1
radix2_82,949,453    ,108.74 ,00:02:44,0,        45, 1
radix2_84,969,463    ,111.43 ,00:02:42,0,        51, 1
radix2_86,985,485    ,114.8 ,00:02:43,0,        46, 1
radix2_88,"1,004",481    ,108.1 ,00:02:49,0,        46, 1
radix2_90,"1,027",499    ,107.0 ,00:03:00,0,        47, 1
radix2_92,"1,040",502    ,100.61 ,00:03:16,0,        49, 1
radix2_94,"1,065",520    ,101.7 ,00:02:58,0,        50, 1
radix2_96,"1,087",521    ,106.02 ,00:03:05,0,        50, 1
radix2_98,"1,109",526    ,99.36 ,00:03:17,0,        51, 1
radix2_100,"1,131",549    ,104.12 ,00:03:02,0,        52, 1
radix2_102,"1,147",563    ,103.7 ,00:03:14,0,        53, 1
radix2_104,"1,169",561    ,101.38 ,00:03:19,0,        58, 1
radix2_106,"1,189",570    ,95.44 ,00:03:06,0,        55, 1
radix2_108,"1,218",596    ,97.95 ,00:03:28,0,        56, 1
radix2_110,"1,215",596    ,96.35 ,00:03:30,0,        57, 1
radix2_112,"1,256",602    ,100.53 ,00:03:46,0,        61, 1
radix2_114,"1,293",609    ,100.33 ,00:03:30,0,        59, 1
radix2_116,"1,289",612    ,99.27 ,00:03:33,0,        60, 1
radix2_118,"1,328",651    ,96.42 ,00:03:27,0,        65, 1
radix2_120,"1,335",641    ,97.59 ,00:03:26,0,        64, 1
radix2_122,"1,360",668    ,98.49 ,00:03:26,0,        66, 1
radix2_124,"1,356",661    ,95.25 ,00:03:25,0,        65, 1
radix2_126,"1,393",681    ,95.24 ,00:03:36,0,        66, 1
radix2_128,"1,424",689    ,94.82 ,00:03:35,0,        68, 1
radix2_132,"1,494",705    ,97.29 ,00:03:50,0,        69, 1
radix2_136,"1,541",735    ,91.38 ,00:03:38,0,        70, 1
radix2_140,"1,590",750    ,89.74 ,00:03:54,0,        72, 1
radix2_144,"1,603",776    ,91.22 ,00:03:48,0,        75, 1
radix2_148,"1,658",792    ,87.63 ,00:03:59,0,        76, 1
radix2_152,"1,712",808    ,85.7 ,00:03:56,0,        80, 1
radix2_156,"1,739",836    ,85.59 ,00:04:15,0,        81, 1
radix2_160,"1,773",856    ,85.73 ,00:04:04,0,        85, 1
radix2_164,"1,796",868    ,84.55 ,00:04:07,0,        84, 1
radix2_168,"1,851",902    ,85.24 ,00:04:12,0,        87, 1
radix2_172,"1,912",888    ,82.07 ,00:04:30,0,        88, 1
radix2_176,"1,933",930    ,77.91 ,00:04:34,0,        93, 1
radix2_180,"1,996",955    ,80.53 ,00:04:41,0,        92, 1
radix2_184,"2,048",987    ,75.19 ,00:04:32,0,        94, 1
radix2_188,"2,088",1002   ,80.33 ,00:04:44,0,        96, 1
radix2_192,"2,126",1012   ,76.41 ,00:04:50,0,       101, 1
radix2_196,"2,217",1042   ,77.04 ,00:05:13,0,       102, 1
radix2_200,"2,230",1057   ,77.32 ,00:04:41,0,       106, 1
radix2_204,"2,325",1066   ,70.52 ,00:04:55,0,       104, 1
radix2_208,"2,361",1096   ,78.3 ,00:05:05,0,       106, 1
radix2_212,"2,384",1123   ,76.03 ,00:05:01,0,       109, 1
radix2_216,"2,436",1133   ,71.79 ,00:05:50,0,       113, 1
radix2_220,"2,466",1153   ,71.78 ,00:05:41,0,       112, 1
radix2_224,"2,503",1163   ,71.43 ,00:05:30,0,       114, 1
radix2_228,"2,534",1197   ,71.73 ,00:05:14,0,       119, 1
radix2_232,"2,587",1229   ,69.65 ,00:05:22,0,       120, 1
radix2_236,"2,631",1236   ,69.62 ,00:05:26,0,       122, 1
radix2_240,"2,675",1264   ,72.66 ,00:05:53,0,       123, 1
radix2_244,"2,702",1258   ,66.81 ,00:06:00,0,       126, 1
radix2_248,"2,754",1300   ,65.37 ,00:05:43,0,       127, 1
radix2_252,"2,789",1339   ,66.78 ,00:06:02,0,       131, 1
radix2_256,"2,857",1350   ,66.05 ,00:05:58,0,       131, 1
radix2_264,"2,964",1398   ,65.04 ,00:06:33,0,       134, 1
radix2_272,"3,075",1429   ,64.29 ,00:06:38,0,       139, 1
radix2_280,"3,172",1486   ,64.84 ,00:06:43,0,       142, 1
radix2_288,"3,264",1537   ,63.98 ,00:06:55,0,       148, 1
radix2_296,"3,339",1532   ,58.58 ,00:07:10,0,       150, 1
radix2_304,"3,449",1610   ,57.62 ,00:07:48,0,       154, 1
radix2_312,"3,534",1625   ,56.49 ,00:07:31,0,       159, 1
radix2_320,"3,636",1671   ,54.97 ,00:07:18,0,       164, 1
radix2_328,"3,742",1734   ,53.82 ,00:07:17,0,       168, 1
radix2_336,"3,826",1755   ,53.92 ,00:07:22,0,       170, 1
radix2_344,"4,213",1815   ,53.9 ,00:07:47,0,       175, 1
radix2_352,"4,294",1855   ,56.14 ,00:07:28,0,       182, 1
radix2_360,"4,360",1880   ,52.19 ,00:07:53,0,       184, 1
radix2_368,"4,451",1917   ,51.41 ,00:08:18,0,       186, 1
radix2_376,"4,558",1947   ,53.61 ,00:09:13,0,       190, 1
radix2_384,"4,625",1995   ,48.9 ,00:08:17,0,       196, 1
radix2_392,"4,752",1975   ,47.64 ,00:09:45,0,       198, 1
radix2_400,"4,846",2012   ,47.95 ,00:09:18,0,       202, 1
radix2_408,"4,946",2077   ,51.3 ,00:09:35,0,       210, 1
radix2_416,"5,026",2102   ,45.25 ,00:09:49,0,       210, 1
radix2_424,"5,133",2210   ,49.14 ,00:09:33,0,       214, 1
radix2_432,"5,234",2156   ,44.13 ,00:10:09,0,       220, 1
radix2_440,"5,314",2234   ,43.93 ,00:10:18,0,       222, 1
radix2_448,"5,370",2293   ,43.07 ,00:09:44,0,       226, 1
radix2_456,"5,479",2342   ,45.6 ,00:09:57,0,       230, 1
radix2_464,"5,580",2385   ,41.92 ,00:09:53,0,       234, 1
radix2_472,"5,638",2439   ,45.03 ,00:10:47,0,       239, 1
radix2_480,"5,727",2447   ,44.63 ,00:09:56,0,       242, 1
radix2_488,"5,783",2507   ,40.39 ,00:10:47,0,       247, 1
radix2_496,"5,912",2519   ,42.17 ,00:10:54,0,       250, 1
radix2_504,"5,979",2607   ,39.37 ,00:10:56,0,       254, 1
radix2_512,"6,144",2605   ,37.91 ,00:11:40,0,       258, 1
radix2_528,"6,429",2711   ,41.59 ,00:11:52,0,       266, 1
radix2_544,"6,610",2815   ,40.0 ,00:11:44,0,       274, 1
radix2_560,"6,822",2825   ,38.36 ,00:12:43,0,       283, 1
radix2_576,"7,026",2956   ,35.28 ,00:12:21,0,       296, 1
radix2_592,"7,222",3014   ,34.66 ,00:12:58,0,       300, 1
radix2_608,"7,439",3112   ,33.96 ,00:13:15,0,       306, 1
radix2_624,"7,608",3271   ,35.58 ,00:12:55,0,       314, 1
radix2_640,"7,765",3330   ,32.44 ,00:13:04,0,       323, 1
radix2_656,"8,040",3318   ,31.65 ,00:15:09,0,       331, 1
radix2_672,"8,196",3485   ,30.63 ,00:14:49,0,       338, 1
radix2_688,"8,417",3562   ,30.47 ,00:19:39,0,       348, 1
radix2_704,"8,658",3556   ,29.93 ,00:13:57,0,       354, 1
radix2_720,"8,844",3585   ,29.38 ,00:15:08,0,       365, 1
radix2_736,"9,040",3717   ,28.98 ,00:17:01,0,       371, 1
radix2_752,"9,264",3754   ,28.06 ,00:17:44,0,       378, 1
radix2_768,"9,463",3911   ,30.36 ,00:17:07,0,       386, 1
radix2_784,"9,650",3917   ,27.12 ,00:17:51,0,       397, 1
radix2_800,"9,838",4002   ,26.67 ,00:17:48,0,       403, 1
radix2_816,"10,065",4099   ,26.29 ,00:18:31,0,       411, 0
radix2_832,"10,254",4260   ,27.74 ,00:17:58,0,       418, 1
radix2_848,"10,435",4254   ,25.38 ,00:19:05,0,       427, 1
radix2_864,"10,668",4325   ,24.94 ,00:19:52,0,       434, 1
radix2_880,"10,790",4431   ,24.56 ,00:18:54,0,       442, 1
radix2_896,"11,069",4429   ,24.16 ,00:20:39,0,       456, 1
radix2_912,"11,202",4596   ,23.74 ,00:21:16,0,       460, 1
radix2_928,"11,359",4690   ,24.92 ,00:20:49,0,       468, 1
radix2_944,"11,551",4704   ,23.1 ,00:20:12,0,       474, 1
radix2_960,"11,726",4802   ,22.84 ,00:21:35,0,       483, 1
radix2_976,"11,919",4903   ,23.86 ,00:22:00,0,       490, 1
radix2_992,"12,141",5000   ,23.51 ,00:21:20,0,       504, 1
radix2_1008,"12,342",5092   ,23.01 ,00:23:30,0,       507, 1
radix2_1024,"12,570",5072   ,21.36 ,00:24:15,0,       516, 1
radix2_1056,"13,060",5263   ,20.84 ,00:24:47,0,       530, 1
radix2_1088,"13,437",5412   ,20.33 ,00:25:15,0,       547, 0
radix2_1120,"13,949",5545   ,19.76 ,00:28:36,0,       563, 1
radix2_1152,"10,646",5213   ,19.76 ,,0,       581, 0
radix2_1184,"10,963",5357   ,19.76 ,,0,       594, 1
radix2_1216,"10,391",5502   ,19.76 ,,0,       611, 1
radix2_1248,"10,663",5646   ,19.76 ,,0,       628, 1
radix2_1280,"10,973",5790   ,19.76 ,,0,       646, 1
radix2_1312,"11,239",5934   ,19.76 ,,0,       660, 1
radix2_1344,"11,516",6078   ,19.76 ,,0,       675, 1
radix2_1376,"11,782",6222   ,19.76 ,,0,       691, 1
radix2_1408,"12,065",6366   ,19.76 ,,0,       708, 1
radix2_1440,"12,317",6510   ,19.76 ,,0,       722, 0
radix2_1472,"12,587",6654   ,19.76 ,,0,       738, 1
radix2_1504,"13,062",6798   ,19.76 ,,0,       754, 1
radix2_1536,"13,165",6942   ,19.76 ,,0,       768, 0
radix2_1568,"13,461",7086   ,19.76 ,,0,       788, 0
radix2_1600,"13,739",7230   ,19.76 ,,0,       802, 1
radix2_1632,"14,023",7374   ,19.76 ,,0,       819, 1
radix2_1664,"14,320",7518   ,19.76 ,,0,       834, 1
radix2_1696,"14,601",7662   ,19.76 ,,0,       851, 0
radix2_1728,"14,871",7806   ,19.76 ,,0,       866, 1
radix2_1760,"15,120",7950   ,19.76 ,,0,       882, 1
radix2_1792,"15,416",8094   ,19.76 ,,0,       901, 0
radix2_1824,"15,649",8238   ,19.76 ,,0,       914, 0
radix2_1856,"15,919",8382   ,19.76 ,,0,       933, 1
radix2_1888,"16,173",8526   ,19.76 ,,0,       947, 1
radix2_1920,"16,462",8670   ,19.76 ,,0,       962, 1
radix2_1952,"16,740",8814   ,19.76 ,,0,       978, 0
radix2_1984,"16,984",8958   ,19.76 ,,0,       994, 1
radix2_2016,"17,254",9102   ,19.76 ,,0,      1010, 1
radix2_2048,"17,595",9248   ,19.76 ,,0,      1027, 1
radix4_8,151,67     ,145.88 ,00:02:00,0,         4, 1
radix4_9,160,74     ,128.04 ,00:02:00,0,         6, 1
radix4_10,172,79     ,128.9 ,00:02:04,0,         5, 0
radix4_11,192,89     ,134.97 ,00:01:56,0,         8, 1
radix4_12,195,93     ,130.98 ,00:02:00,0,         5, 1
radix4_13,218,102    ,122.46 ,00:02:02,0,         7, 1
radix4_14,221,102    ,118.51 ,00:02:02,0,         9, 1
radix4_15,238,108    ,122.38 ,00:02:01,0,         6, 0
radix4_16,247,114    ,118.33 ,00:02:03,0,         6, 1
radix4_17,263,128    ,119.53 ,00:02:03,0,         8, 1
radix4_18,268,120    ,117.66 ,00:02:10,0,        11, 1
radix4_19,290,136    ,121.89 ,00:02:02,0,         9, 1
radix4_20,291,130    ,120.05 ,00:02:13,0,         7, 0
radix4_21,308,144    ,111.83 ,00:02:14,0,         9, 1
radix4_22,317,147    ,123.29 ,00:02:14,0,         8, 1
radix4_23,350,160    ,115.89 ,00:02:16,0,        10, 1
radix4_24,346,160    ,109.15 ,00:02:19,0,        10, 1
radix4_25,360,165    ,107.79 ,00:02:23,0,        10, 1
radix4_26,366,172    ,107.93 ,00:02:22,0,        11, 1
radix4_27,388,168    ,112.13 ,00:02:18,0,        12, 1
radix4_28,395,167    ,116.9 ,00:02:19,0,        11, 1
radix4_29,417,182    ,103.89 ,00:02:19,0,        12, 1
radix4_30,417,182    ,103.89 ,00:02:19,0,        12, 1
radix4_31,453,198    ,112.15 ,00:02:24,0,        12, 1
radix4_32,484,200    ,105.7 ,00:02:22,0,        12, 1
radix4_33,503,207    ,111.52 ,00:02:31,0,        13, 1
radix4_34,502,207    ,107.09 ,00:02:26,0,        11, 1
radix4_35,538,218    ,103.8 ,00:02:31,0,        13, 1
radix4_36,536,225    ,101.99 ,00:02:18,0,        13, 1
radix4_37,556,226    ,106.91 ,00:02:40,0,        13, 1
radix4_38,563,232    ,104.09 ,00:02:27,0,        12, 1
radix4_39,590,239    ,106.5 ,00:02:22,0,        14, 1
radix4_40,592,239    ,106.5 ,00:02:24,0,        12, 1
radix4_41,604,255    ,106.27 ,00:02:21,0,        14, 0
radix4_42,617,253    ,104.18 ,00:02:25,0,        13, 1
radix4_43,634,259    ,104.69 ,00:02:26,0,        15, 1
radix4_44,652,249    ,109.05 ,00:02:23,0,        15, 1
radix4_45,659,263    ,104.49 ,00:02:33,0,        16, 1
radix4_46,666,273    ,91.52 ,00:02:36,0,        14, 1
radix4_47,666,276    ,99.62 ,00:02:38,0,        16, 1
radix4_48,681,277    ,101.52 ,00:02:32,0,        16, 1
radix4_49,697,292    ,95.11 ,00:02:25,0,        18, 1
radix4_50,705,290    ,95.84 ,00:02:27,0,        18, 1
radix4_51,722,293    ,101.14 ,00:02:25,0,        17, 1
radix4_52,722,309    ,101.79 ,00:02:30,0,        15, 1
radix4_53,732,311    ,99.25 ,00:02:30,0,        17, 1
radix4_54,741,330    ,104.5 ,00:02:29,0,        18, 1
radix4_55,762,328    ,94.35 ,00:02:32,0,        18, 1
radix4_56,767,324    ,92.74 ,00:02:28,0,        22, 1
radix4_57,778,333    ,98.24 ,00:02:29,0,        18, 1
radix4_58,787,342    ,97.77 ,00:02:36,0,        19, 1
radix4_59,810,329    ,98.54 ,00:02:35,0,        20, 1
radix4_60,813,344    ,97.08 ,00:02:36,0,        19, 1
radix4_61,827,349    ,98.31 ,00:02:39,0,        19, 1
radix4_62,837,358    ,97.88 ,00:02:34,0,        20, 1
radix4_63,864,365    ,96.4 ,00:02:48,0,        20, 1
radix4_64,885,371    ,92.26 ,00:02:44,0,        21, 1
radix4_66,903,390    ,90.48 ,00:02:41,0,        21, 1
radix4_68,929,397    ,95.43 ,00:02:42,0,        21, 1
radix4_70,952,403    ,93.36 ,00:02:50,0,        20, 1
radix4_72,988,407    ,93.42 ,00:02:44,0,        22, 1
radix4_74,"1,009",424    ,90.83 ,00:03:01,0,        23, 1
radix4_76,"1,033",429    ,88.88 ,00:02:47,0,        24, 1
radix4_78,"1,060",442    ,87.17 ,00:02:57,0,        24, 1
radix4_80,"1,077",453    ,90.86 ,00:03:18,0,        22, 1
radix4_82,"1,103",454    ,84.52 ,00:03:29,0,        23, 1
radix4_84,"1,128",468    ,87.51 ,00:03:56,0,        27, 1
radix4_86,"1,154",488    ,86.54 ,00:02:50,0,        24, 1
radix4_88,"1,163",494    ,89.21 ,00:03:09,0,        27, 1
radix4_90,"1,197",496    ,84.65 ,00:03:47,0,        27, 1
radix4_92,"1,214",516    ,84.83 ,00:03:47,0,        27, 1
radix4_94,"1,241",520    ,82.12 ,00:03:55,0,        26, 1
radix4_96,"1,253",524    ,88.28 ,00:03:07,0,        28, 1
radix4_98,"1,278",532    ,85.21 ,00:03:38,0,        30, 1
radix4_100,"1,307",545    ,86.13 ,00:03:59,0,        29, 1
radix4_102,"1,322",566    ,81.37 ,00:04:00,0,        28, 1
radix4_104,"1,349",567    ,82.67 ,00:03:33,0,        30, 1
radix4_106,"1,374",591    ,80.36 ,00:03:48,0,        31, 1
radix4_108,"1,396",585    ,80.19 ,00:03:59,0,        31, 1
radix4_110,"1,416",592    ,82.22 ,00:03:52,0,        30, 1
radix4_112,"1,435",608    ,78.92 ,00:03:59,0,        32, 1
radix4_114,"1,457",600    ,78.37 ,00:04:07,0,        33, 1
radix4_116,"1,499",626    ,79.15 ,00:04:07,0,        34, 1
radix4_118,"1,508",663    ,76.38 ,00:04:06,0,        35, 1
radix4_120,"1,536",653    ,77.9 ,00:03:57,0,        32, 1
radix4_122,"1,547",660    ,77.85 ,00:03:44,0,        33, 1
radix4_124,"1,582",670    ,75.06 ,00:04:11,0,        33, 1
radix4_126,"1,593",698    ,72.18 ,00:04:26,0,        37, 1
radix4_128,"1,618",699    ,75.6 ,00:04:10,0,        36, 1
radix4_132,"1,682",719    ,75.57 ,00:04:15,0,        37, 1
radix4_136,"1,736",726    ,68.48 ,00:04:42,0,        36, 1
radix4_140,"1,797",742    ,70.03 ,00:04:23,0,        39, 1
radix4_144,"1,848",773    ,74.05 ,00:04:22,0,        40, 1
radix4_148,"1,903",802    ,68.42 ,00:04:28,0,        41, 1
radix4_152,"1,952",827    ,71.25 ,00:04:45,0,        43, 1
radix4_156,"2,016",836    ,73.29 ,00:04:46,0,        44, 1
radix4_160,"2,038",854    ,69.4 ,00:04:49,0,        45, 1
radix4_164,"2,094",870    ,68.79 ,00:04:47,0,        45, 1
radix4_168,"2,147",915    ,69.39 ,00:04:49,0,        47, 1
radix4_172,"2,188",917    ,70.82 ,00:04:49,0,        47, 1
radix4_176,"2,235",928    ,66.36 ,00:04:54,0,        48, 1
radix4_180,"2,289",952    ,63.48 ,00:04:46,0,        49, 1
radix4_184,"2,332",981    ,65.1 ,00:05:15,0,        50, 1
radix4_188,"2,384",990    ,65.12 ,00:05:04,0,        51, 1
radix4_192,"2,430",1012   ,63.9 ,00:05:15,0,        52, 1
radix4_196,"2,492",1042   ,65.49 ,00:05:19,0,        51, 1
radix4_200,"2,543",1036   ,64.84 ,00:05:15,0,        54, 1
radix4_204,"2,591",1083   ,62.74 ,00:05:39,0,        55, 1
radix4_208,"2,625",1083   ,63.06 ,00:05:27,0,        56, 1
radix4_212,"2,683",1116   ,61.77 ,00:05:20,0,        57, 1
radix4_216,"2,733",1122   ,62.2 ,00:05:56,0,        59, 1
radix4_220,"2,776",1138   ,60.49 ,00:05:24,0,        57, 1
radix4_224,"2,840",1170   ,61.46 ,00:05:49,0,        58, 1
radix4_228,"2,880",1205   ,60.43 ,00:05:49,0,        59, 0
radix4_232,"2,922",1242   ,58.25 ,00:06:06,0,        60, 1
radix4_236,"2,972",1264   ,58.62 ,00:05:34,0,        61, 1
radix4_240,"2,996",1237   ,54.54 ,00:06:36,0,        62, 1
radix4_244,"3,065",1262   ,54.48 ,00:05:56,0,        65, 1
radix4_248,"3,103",1319   ,57.28 ,00:05:50,0,        67, 1
radix4_252,"3,160",1340   ,53.6 ,00:05:51,0,        67, 1
radix4_256,"5,151",1322   ,50.57 ,00:08:30,0,        68, 1
radix4_264,"5,303",1353   ,49.81 ,00:09:24,0,        71, 1
radix4_272,"5,506",1393   ,46.8 ,00:09:38,0,        72, 1
radix4_280,"5,661",1452   ,45.69 ,00:10:23,0,        72, 1
radix4_288,"5,815",1471   ,46.36 ,00:10:19,0,        74, 1
radix4_296,"6,004",1525   ,48.26 ,00:10:48,0,        78, 1
radix4_304,"6,166",1592   ,45.42 ,00:10:29,0,        80, 1
radix4_312,"6,313",1624   ,44.43 ,00:11:09,0,        80, 1
radix4_320,"6,467",1642   ,43.8 ,00:10:34,0,        82, 1
radix4_328,"6,633",1676   ,42.99 ,00:10:56,0,        84, 1
radix4_336,"5,204",1797   ,44.4 ,00:12:00,0,        88, 1
radix4_344,"5,311",1855   ,41.79 ,00:12:27,0,        90, 1
radix4_352,"5,414",1899   ,43.07 ,00:13:12,0,        90, 1
radix4_360,"5,545",1972   ,41.33 ,00:12:03,0,        94, 1
radix4_368,"5,631",1979   ,41.24 ,00:13:45,0,        94, 1
radix4_376,"5,754",2014   ,40.05 ,00:14:04,0,        98, 1
radix4_384,"5,891",2047   ,39.96 ,00:13:36,0,       100, 1
radix4_392,"6,016",2076   ,40.54 ,00:15:00,0,       100, 1
radix4_400,"6,147",2193   ,39.09 ,00:15:06,0,       104, 1
radix4_408,"6,272",2222   ,39.3 ,00:14:41,0,       106, 1
radix4_416,"6,407",2256   ,37.96 ,00:16:01,0,       106, 0
radix4_424,"6,501",2258   ,38.33 ,00:15:41,0,       110, 1
radix4_432,"6,618",2274   ,37.8 ,00:15:40,0,       112, 1
radix4_440,"6,741",2317   ,36.89 ,00:16:54,0,       112, 1
radix4_448,"6,869",2372   ,36.18 ,00:17:05,0,       114, 1
radix4_456,"6,968",2471   ,36.29 ,00:19:16,0,       118, 0
radix4_464,"7,077",2474   ,35.6 ,00:18:31,0,       118, 1
radix4_472,"7,215",2544   ,35.17 ,00:18:47,0,       123, 1
radix4_480,"7,329",2557   ,34.47 ,00:18:18,0,       122, 0
radix4_488,"7,454",2613   ,33.24 ,00:18:41,0,       124, 1
radix4_496,"7,557",2579   ,34.13 ,00:18:41,0,       128, 1
radix4_504,"7,691",2755   ,33.67 ,00:21:14,0,       128, 1
radix4_512,"8,022",2729   ,32.48 ,00:23:00,0,       130, 1
radix4_528,"8,192",2780   ,32.02 ,00:22:59,0,       134, 1
radix4_544,"8,431",2862   ,31.75 ,00:23:43,0,       138, 1
radix4_560,"8,701",2970   ,31.62 ,00:25:23,0,       142, 1
radix4_576,"8,953",3023   ,29.81 ,00:26:23,0,       146, 1
radix4_592,"9,429",3201   ,29.46 ,00:28:22,0,       152, 1
radix4_608,"9,688",3268   ,29.2 ,00:24:33,0,       154, 1
radix4_624,"9,959",3294   ,28.49 ,00:29:38,0,       161, 1
radix4_640,"10,199",3385   ,27.89 ,00:29:22,0,       162, 1
radix4_656,"10,486",3411   ,27.52 ,00:32:28,0,       168, 0
radix4_672,"10,743",3567   ,27.18 ,00:32:53,0,       170, 1
radix4_688,"11,012",3566   ,26.57 ,00:33:08,0,       174, 1
radix4_704,"11,273",3730   ,26.27 ,00:38:03,0,       183, 1
radix4_720,"11,532",3768   ,25.7 ,00:39:04,0,       184, 1
radix4_736,"11,777",3856   ,24.89 ,00:39:35,0,       188, 1
radix4_752,"12,018",3939   ,24.96 ,00:39:53,0,       192, 1
radix4_768,"12,261",4010   ,23.69 ,00:38:50,0,       194, 1
radix4_784,"12,526",4163   ,23.84 ,00:46:28,0,       198, 1
radix4_800,"12,775",4260   ,23.57 ,00:43:06,0,       202, 1
radix4_816,"13,050",4288   ,23.1 ,00:47:28,0,       206, 1
radix4_832,"13,311",4443   ,22.97 ,00:46:02,0,       210, 1
radix4_848,"13,558",4562   ,22.78 ,00:47:48,0,       214, 1
radix4_864,"13,801",4553   ,22.42 ,00:47:18,0,       220, 1
radix4_880,"14,060",4549   ,21.81 ,00:49:18,0,       222, 1
radix4_896,"14,312",4717   ,21.32 ,00:54:49,0,       226, 1
radix4_912,"14,507",4875   ,21.53 ,01:00:34,0,       233, 1
radix4_928,"14,781",5000   ,21.19 ,01:04:59,0,       237, 0
radix4_944,"15,004",5064   ,20.86 ,01:07:12,0,       241, 1
radix4_960,"15,280",5043   ,20.26 ,01:02:07,0,       242, 1
radix4_976,"15,520",5102   ,20.38 ,01:09:08,0,       246, 1
radix4_992,"15,829",5230   ,19.79 ,01:10:52,0,       252, 1
radix4_1008,"16,075",5425   ,19.83 ,01:07:02,0,       254, 0
radix4_1024,"16,528",5556   ,19.11 ,01:17:30,0,       260, 1
radix4_1056,"17,106",5544   ,18.69 ,01:24:28,0,       266, 1
radix4_1088,"17,646",5754   ,18.46 ,01:21:58,0,       276, 1
radix4_1120,"18,174",5952   ,17.86 ,01:23:56,0,       284, 0
radix4_1152,"14,145",5217   ,17.86 ,,0,       290, 1
radix4_1184,"14,492",5361   ,17.86 ,,0,       298, 1
radix4_1216,"14,926",5505   ,17.86 ,,0,       306, 1
radix4_1248,"15,339",5649   ,17.86 ,,0,       316, 1
radix4_1280,"15,735",5793   ,17.86 ,,0,       324, 1
radix4_1312,"16,091",5937   ,17.86 ,,0,       330, 0
radix4_1344,"16,480",6081   ,17.86 ,,0,       338, 1
radix4_1376,"17,074",6225   ,17.86 ,,0,       349, 1
radix4_1408,"17,524",6369   ,17.86 ,,0,       354, 0
radix4_1440,"17,909",6513   ,17.86 ,,0,       362, 1
radix4_1472,"18,292",6657   ,17.86 ,,0,       370, 1
radix4_1504,"18,861",6801   ,17.86 ,,0,       378, 1
radix4_1536,"19,035",6945   ,17.86 ,,0,       386, 1
radix4_1568,"19,427",7089   ,17.86 ,,0,       394, 0
radix4_1600,"19,821",7233   ,17.86 ,,0,       404, 0
radix4_1632,"20,196",7377   ,17.86 ,,0,       412, 0
radix4_1664,"20,595",7521   ,17.86 ,,0,       420, 1
radix4_1696,"20,983",7665   ,17.86 ,,0,       426, 0
radix4_1728,"21,385",7809   ,17.86 ,,0,       434, 1
radix4_1760,"21,760",7953   ,17.86 ,,0,       445, 1
radix4_1792,"22,166",8097   ,17.86 ,,0,       450, 1
radix4_1824,"22,559",8241   ,17.86 ,,0,       458, 0
radix4_1856,"22,945",8385   ,17.86 ,,0,       466, 1
radix4_1888,"23,328",8529   ,17.86 ,,0,       476, 1
radix4_1920,"23,714",8673   ,17.86 ,,0,       482, 0
radix4_1952,"24,100",8817   ,17.86 ,,0,       492, 0
radix4_1984,"24,484",8961   ,17.86 ,,0,       500, 0
radix4_2016,"24,856",9105   ,17.86 ,,0,       506, 1
radix4_2048,"25,875",9251   ,17.86 ,,0,       518, 0
goldschmidt8,"25,875",9251   ,17.86 ,,0,       518, 0
goldschmidt8,"25,875",9251   ,17.86 ,,0,       518, 0
